{
  "cpu_count": 24,
  "worker_count": 22,
  "worker_policy": "cpu_count_minus_2",
  "manifest": "data/manifests/images.csv",
  "splits": "all",
  "limit": "none",
  "elapsed_seconds": 290.2035392499529,
  "input_images": 202599,
  "successful_embeddings": 196990,
  "failed_images": 5609,
  "embedding_dim": 128,
  "embedding_file": "outputs/hog/embeddings.h5",
  "h5_dataset": "embeddings",
  "h5_compression": "gzip",
  "h5_compression_opts": 1,
  "faces_detected_rate": 0.9723147695694451,
  "no_face_rate": 0.027685230430554937,
  "multi_face_rate": 0.0015992181600106615,
  "detect_latency_ms_p50": 14.929083175957203,
  "detect_latency_ms_p95": 23.145082872360945,
  "encode_latency_ms_p50": 13.915374875068665,
  "encode_latency_ms_p95": 22.495499812066555,
  "detect_latency_ms_mean": 16.193955121241988,
  "encode_latency_ms_mean": 15.213372450160412
}